{
  "type": "minecraft:block",
  "pools": [
    {
      "rolls": 30,
      "entries": [
        {
          "type": "minecraft:item",
          "functions": [
            {
              "function": "minecraft:set_count",
              "count": {
                "min": 0.0,
                "max": 30.0,
                "type": "minecraft:uniform"
              }
            },
            {
              "function": "minecraft:explosion_decay"
            }
          ],
          "name": "minecraft:chorus_fruit"
        }
      ]
    }
  ]
}
