{
  "type": "minecraft:block",
  "pools": [
    {
      "rolls": 30,
      "entries": [
        {
          "type": "minecraft:item",
          "functions": [
            {
              "function": "minecraft:set_count",
              "conditions": [
                {
                  "condition": "minecraft:block_state_property",
                  "block": "minecraft:cocoa",
                  "properties": {
                    "age": "2"
                  }
                }
              ],
              "count": 900
            },
            {
              "function": "minecraft:explosion_decay"
            }
          ],
          "name": "minecraft:cocoa_beans"
        }
      ]
    }
  ]
}
