{
  "type": "minecraft:block",
  "pools": [
    {
      "rolls": 30,
      "entries": [
        {
          "type": "minecraft:alternatives",
          "children": [
            {
              "type": "minecraft:item",
              "conditions": [
                {
                  "condition": "minecraft:match_tool",
                  "predicate": {
                    "item": "minecraft:shears"
                  }
                }
              ],
              "name": "minecraft:dead_bush"
            },
            {
              "type": "minecraft:item",
              "functions": [
                {
                  "function": "minecraft:set_count",
                  "count": {
                    "min": 0.0,
                    "max": 600.0,
                    "type": "minecraft:uniform"
                  }
                },
                {
                  "function": "minecraft:explosion_decay"
                }
              ],
              "name": "minecraft:stick"
            }
          ]
        }
      ]
    }
  ]
}
