{
  "type": "minecraft:block",
  "pools": [
    {
      "rolls": 30,
      "entries": [
        {
          "type": "minecraft:item",
          "conditions": [
            {
              "condition": "minecraft:block_state_property",
              "block": "minecraft:orange_bed",
              "properties": {
                "part": "head"
              }
            }
          ],
          "name": "minecraft:orange_bed"
        }
      ],
      "conditions": [
        {
          "condition": "minecraft:survives_explosion"
        }
      ]
    }
  ]
}
