{
  "type": "minecraft:block",
  "pools": [
    {
      "rolls": 30,
      "entries": [
        {
          "type": "minecraft:item",
          "functions": [
            {
              "function": "minecraft:copy_nbt",
              "source": "block_entity",
              "ops": [
                {
                  "source": "Owner",
                  "target": "SkullOwner",
                  "op": "replace"
                }
              ]
            }
          ],
          "name": "minecraft:player_head"
        }
      ]
    }
  ]
}
