{
  "type": "minecraft:block",
  "pools": [
    {
      "rolls": 30,
      "entries": [
        {
          "type": "minecraft:item",
          "name": "minecraft:flower_pot"
        }
      ],
      "conditions": [
        {
          "condition": "minecraft:survives_explosion"
        }
      ]
    },
    {
      "rolls": 30,
      "entries": [
        {
          "type": "minecraft:item",
          "name": "minecraft:red_mushroom"
        }
      ],
      "conditions": [
        {
          "condition": "minecraft:survives_explosion"
        }
      ]
    }
  ]
}
